<?xml version="1.0" encoding="utf-8"?>
<odoo>

    <data noupdate="0">
        <record model="ir.module.category" id="module_category_shopify">
            <field name="name">Shopify</field>
            <field name="sequence">5</field>
        </record>

        <record id="group_shopify_user" model="res.groups">
            <field name="name">User</field>
            <field name="category_id" ref="shopify_odoo.module_category_shopify"/>
        </record>

        <record id="group_shopify_admin" model="res.groups">
            <field name="name">Administrator</field>
            <field name="category_id" ref="shopify_odoo.module_category_shopify"/>
            <field name="implied_ids" eval="[(4, ref('shopify_odoo.group_shopify_user'))]"/>
        </record>
    </data>

    <data noupdate="1">
        <record model="ir.rule" id="set_shopify_account_rule">
            <field name="name">Shopify Account Rule</field>
            <field name="model_id" ref="model_s_discount"/>
            <field name="domain_force">[('shop_user_id', '=', user.id)]</field>
        </record>
    </data>

</odoo>

